scenario_id,scenario_suite,scenario_group,pv_year,demand_year,price_year,ssr_target,ssr_target_pct,mip_gap_used,grid_to_bess_charging_allowed,bo_tac_eur,bo_bess_kwh,bo_achieved_ssr,bo_solver_status,bo_solve_elapsed_s,bo_best_bound_eur,bo_achieved_relative_gap,hyb_tac_eur,hyb_bess_kwh,hyb_ely_kw,hyb_fc_kw,hyb_tank_kg,hyb_h2_installed,hyb_achieved_ssr,hyb_solver_status,hyb_solve_elapsed_s,hyb_best_bound_eur,hyb_achieved_relative_gap,tac_delta_eur,tac_saving_pct
SC00_baseline_pv2018,ofat,baseline,2018,2024,2024,0.51,51,0.0001,False,1712.589402811576,6.20265857863445,0.5520355146535564,optimal,8.37583041191101,1712.5894028115745,0.0,1712.589402811576,6.20265857863445,0.0,0.0,0.0,False,0.5520355146535564,optimal,15.321476697921751,1712.5894028115545,1.168340958209577e-14,0.0,0.0
SC00_baseline_pv2018,ofat,baseline,2018,2024,2024,0.52,52,0.0001,False,1712.589402811576,6.20265857863445,0.5520355146535564,optimal,8.398508548736572,1712.5894028115745,0.0,1712.5894028115758,6.202658578634448,0.0,0.0,0.0,False,0.5520355146535564,optimal,14.131768703460692,1712.5894028115545,1.1816175600074127e-14,2.273736754432321e-13,1.327660179783609e-14
SC00_baseline_pv2018,ofat,baseline,2018,2024,2024,0.53,53,0.0001,False,1712.589402811576,6.20265857863445,0.5520355146535564,optimal,8.413346529006958,1712.5894028115745,0.0,1712.5894028115758,6.202658578634449,0.0,0.0,0.0,False,0.5520355146535564,optimal,14.929759740829468,1712.5894028115545,1.168340958209577e-14,2.273736754432321e-13,1.327660179783609e-14
SC00_baseline_pv2018,ofat,baseline,2018,2024,2024,0.54,54,0.0001,False,1712.589402811576,6.20265857863445,0.5520355146535564,optimal,8.401169538497925,1712.5894028115745,0.0,1712.5894028115758,6.202658578634449,0.0,0.0,0.0,False,0.5520355146535564,optimal,13.952364444732666,1712.5894028115545,1.168340958209577e-14,2.273736754432321e-13,1.327660179783609e-14
SC00_baseline_pv2018,ofat,baseline,2018,2024,2024,0.55,55,0.0001,False,1712.589402811576,6.20265857863445,0.5520355146535564,optimal,8.668827772140503,1712.5894028115745,0.0,1712.5894028115758,6.202658578634449,0.0,0.0,0.0,False,0.5520355146535564,optimal,14.558022022247314,1712.5894028115545,1.168340958209577e-14,2.273736754432321e-13,1.327660179783609e-14
SC00_baseline_pv2018,ofat,baseline,2018,2024,2024,0.56,56,0.0001,False,1714.5323996122934,8.191816701435819,0.5599999999999996,optimal,9.225692987442017,1714.532399612294,0.0,1714.5323996122938,8.191816701436073,0.0,0.0,0.0,False,0.5600000000000007,optimal,15.209165811538696,1714.532399612228,3.806066590923799e-14,-4.547473508864641e-13,-2.6523112131873163e-14
SC00_baseline_pv2018,ofat,baseline,2018,2024,2024,0.57,57,0.0001,False,1722.8798686028497,10.786165725912198,0.5699999999999996,optimal,9.47902798652649,1722.8798686028522,0.0,1722.8798686028497,10.786165725912182,0.0,0.0,0.0,False,0.5699999999999996,optimal,16.594230890274048,1722.8798686027349,6.809808313788635e-14,2.273736754432321e-13,1.3197302933698926e-14
SC00_baseline_pv2018,ofat,baseline,2018,2024,2024,0.58,58,0.0001,False,1739.1544568150146,13.51948077957402,0.5799999999999996,optimal,9.68655276298523,1739.154456815014,0.0,1739.1544568150148,13.519480779574092,0.0,0.0,0.0,False,0.5799999999999998,optimal,17.733241081237793,1739.1544568149948,1.0851258775686532e-14,-2.273736754432321e-13,-1.3073805753839191e-14
SC00_baseline_pv2018,ofat,baseline,2018,2024,2024,0.59,59,0.0001,False,1763.1645630256492,16.366129810290197,0.5900000000000002,optimal,9.62606430053711,1763.164563025652,0.0,1763.1645630256476,16.366129810290012,0.0,0.0,0.0,False,0.5899999999999996,optimal,15.80959415435791,1763.1645630256317,1.005870186849604e-14,1.5916157281026244e-12,9.027040138393884e-14
SC00_baseline_pv2018,ofat,baseline,2018,2024,2024,0.6,60,0.0001,False,1794.7495890430014,19.306908094277738,0.6000000000000001,optimal,9.448355436325071,1794.749589042991,5.1942180402689935e-15,1794.7495890430032,19.30690809427788,0.0,0.0,0.0,False,0.6000000000000005,optimal,16.866212129592896,1794.7495890429836,1.013505959076876e-14,-1.8189894035458565e-12,-1.0135059590768765e-13
SC00_baseline_pv2018,ofat,baseline,2018,2024,2024,0.61,61,0.0001,False,1835.1556702522369,22.36224470911161,0.6100000000000008,optimal,9.67761754989624,1835.155670252236,0.0,1835.155670252237,22.362244709111685,0.0,0.0,0.0,False,0.610000000000001,optimal,19.227941751480103,1835.1556702521884,2.700994910138149e-14,-6.821210263296962e-13,-3.7169654726671807e-14
SC00_baseline_pv2018,ofat,baseline,2018,2024,2024,0.62,62,0.0001,False,1883.964854058344,25.543987653829724,0.6199999999999997,optimal,9.737870931625366,1883.9648540583448,0.0,1883.964854058396,25.543987653829685,0.0,0.0,0.0,False,0.6199999999999997,optimal,19.23514080047608,1883.9648540583748,1.1827513738080619e-14,-5.2295945351943374e-11,-2.775845060978183e-12
SC00_baseline_pv2018,ofat,baseline,2018,2024,2024,0.63,63,0.0001,False,1942.6183635302496,28.897277643177453,0.6299999999999997,optimal,9.30264925956726,1942.6183635302496,0.0,1942.618363530312,28.897277643177613,0.0,0.0,0.0,False,0.6300000000000001,optimal,20.48030662536621,1942.618363530272,2.0951046622649442e-14,-6.230038707144557e-11,-3.2070317176570576e-12
SC00_baseline_pv2018,ofat,baseline,2018,2024,2024,0.64,64,0.0001,False,2011.4552220819949,32.404036317850114,0.6399999999999997,optimal,9.73316216468811,2011.4552220819933,9.043151364130676e-16,2011.455223222049,32.40403631785043,0.0,0.0,0.0,False,0.6400000000000006,optimal,22.573965549469,2011.4552232220303,1.0286584670868396e-14,-1.1400541097827954e-06,-5.667807551802026e-08
SC00_baseline_pv2018,ofat,baseline,2018,2024,2024,0.65,65,0.0001,False,2090.531456831236,36.09158373569206,0.6499999999999996,optimal,9.392255783081056,2090.5314568312315,1.5226900536719482e-15,2090.531457971292,36.09158373569243,0.0,0.0,0.0,False,0.6500000000000006,optimal,22.26130771636963,2090.531457971276,7.613450264207797e-15,-1.1400561561458744e-06,-5.453427416365872e-08
SC00_baseline_pv2018,ofat,baseline,2018,2024,2024,0.66,66,0.0001,False,2177.893619809017,39.895832054176566,0.6599999999999995,optimal,9.23552107810974,2177.893619809017,0.0,2177.8936209490653,39.895832054176616,0.0,0.0,0.0,False,0.6599999999999997,optimal,21.215699195861816,2177.893620949044,1.0231271159941496e-14,-1.1400484254409091e-06,-5.234637794388149e-08
SC00_baseline_pv2018,ofat,baseline,2018,2024,2024,0.67,67,0.0001,False,2277.801081646454,43.91887905221815,0.6699999999999997,optimal,9.156699895858765,2277.801081646444,4.392148989704904e-15,2277.801082786498,43.91887905221802,0.0,0.0,0.0,False,0.6699999999999995,optimal,23.031501293182373,2277.801082786484,5.989294073872672e-15,-1.1400438779674005e-06,-5.005019477571533e-08
SC00_baseline_pv2018,ofat,baseline,2018,2024,2024,0.68,68,0.0001,False,2394.972287624349,48.29810259338359,0.6799999999999996,optimal,9.06086564064026,2394.9722876243486,0.0,2394.9722887644057,48.29810259338392,0.0,0.0,0.0,False,0.6800000000000004,optimal,21.314095973968502,2394.9722887643875,7.405157365608551e-15,-1.1400566108932253e-06,-4.76020794388433e-08
SC00_baseline_pv2018,ofat,baseline,2018,2024,2024,0.69,69,0.0001,False,2532.5212335625383,53.07564194252635,0.6899999999999995,optimal,9.139765977859495,2532.5212335625392,0.0,2532.5212347025936,53.0756419425266,0.0,0.0,0.0,False,0.69,optimal,20.63570022583008,2532.5212347025754,7.541649987181419e-15,-1.1400552466511726e-06,-4.5016611570416674e-08
SC00_baseline_pv2018,ofat,baseline,2018,2024,2024,0.7,70,0.0001,False,2693.544362767685,58.36412380658801,0.6999999999999996,optimal,9.55727481842041,2693.544362767687,0.0,2693.544363907748,58.36412380658853,0.0,0.0,0.0,False,0.7000000000000005,optimal,21.38994264602661,2693.544363907731,6.753144399325567e-15,-1.1400634321034886e-06,-4.2325771495073686e-08
SC00_baseline_pv2018,ofat,baseline,2018,2024,2024,0.71,71,0.0001,False,2882.9398765746173,63.971810941643646,0.7099999999999995,optimal,8.95685338973999,2882.9398765746173,3.154747378407175e-16,2882.939877714671,63.97181094164384,0.0,0.0,0.0,False,0.7099999999999997,optimal,25.703888416290283,2882.9398777146525,6.782706860893217e-15,-1.14005388240912e-06,-3.9544837257018415e-08
SC00_baseline_pv2018,ofat,baseline,2018,2024,2024,0.72,72,0.0001,False,3133.7969899244977,70.73540624051367,0.7199999999999994,optimal,9.359245538711548,3133.7969899244995,0.0,3133.796991064569,70.73540624051434,0.0,0.0,0.0,False,0.7200000000000002,optimal,23.50427770614624,3133.796991064546,7.835975660799621e-15,-1.1400711628084537e-06,-3.637986654763879e-08
SC00_baseline_pv2018,ofat,baseline,2018,2024,2024,0.73,73,0.0001,False,3462.013207754827,79.52148881174114,0.7299999999999998,optimal,9.152064085006714,3462.0132077548287,0.0,3460.949603064033,77.18323876271786,0.3263406771174719,0.1123287067675894,0.2813681521406978,True,0.7300000000000002,optimal,26.133374452590942,3460.948179193094,4.114104811349245e-07,1.0636046907934542,0.0307221442255334
SC00_baseline_pv2018,ofat,baseline,2018,2024,2024,0.74,74,0.0001,False,3863.841634465761,89.92389119737106,0.7399999999999999,optimal,8.857431888580322,3863.841634465763,0.0,3826.306540874627,80.91224935470619,1.2074819604652551,0.3999469594456207,1.0195224869281558,True,0.7400000000000002,optimal,26.84859275817871,3826.292100386947,3.774001776172309e-06,37.53509359113423,0.9714449281854188
SC00_baseline_pv2018,ofat,baseline,2018,2024,2024,0.75,75,0.0001,False,4341.725604054992,101.80576382655128,0.7500000000000001,optimal,8.771024703979492,4341.725604054993,0.0,4226.494473608297,82.1941190898081,2.605803750034011,0.8078497897405839,2.231873240673069,True,0.7500000000000004,optimal,28.53530764579773,4226.309119355294,4.385531654207551e-05,115.2311304466948,2.6540399130491736
SC00_baseline_pv2018,ofat,baseline,2018,2024,2024,0.76,76,0.0001,False,4936.221376289903,116.32626388084137,0.7600000000000002,optimal,8.921099185943604,4936.221376289903,0.0,4672.306604562298,83.41318955815815,4.100425605176911,1.3110671051675395,3.888862692028003,True,0.7600000000000003,optimal,27.67387318611145,4671.87500893883,9.237313815133716e-05,263.9147717276046,5.3464938382882
SC00_baseline_pv2018,ofat,baseline,2018,2024,2024,0.77,77,0.0001,False,5664.052586932644,133.98138947300876,0.7700000000000002,optimal,9.067471981048584,5664.052586932644,0.0,5161.2317689347,85.50471090494148,5.884648555140622,1.5707613357031047,5.82084435091814,True,0.7700000000000002,optimal,28.25130867958069,5160.721628809633,9.884077055720764e-05,502.8208179979438,8.877403771956246
SC00_baseline_pv2018,ofat,baseline,2018,2024,2024,0.78,78,0.0001,False,6528.739801375231,154.4965946258039,0.7800000000000002,optimal,9.06977367401123,6528.73980137523,0.0,5704.9933232770345,91.31823649379976,7.206065999808995,1.922159407504313,7.163289278996604,True,0.78,optimal,28.68967056274414,5704.439989280001,9.6991173464626e-05,823.7464780981963,12.61723553333647
SC00_baseline_pv2018,ofat,baseline,2018,2024,2024,0.79,79,0.0001,False,7500.129981692555,177.15565424993792,0.7900000000000007,optimal,8.553919076919556,7500.129981692555,0.0,6312.392886211933,95.19840271854363,8.767855329999996,2.679263488279468,9.386808096415612,True,0.7899999999999999,optimal,28.057610988616943,6311.767914989372,9.90070221905756e-05,1187.737095480622,15.83622015058178
SC00_baseline_pv2018,ofat,baseline,2018,2024,2024,0.8,80,0.0001,False,8686.659380755726,204.4585495311842,0.8000000000000008,optimal,9.400002002716064,8686.659380755727,0.0,6994.059160613826,104.13975511825129,9.940739668792274,3.26,10.909378973394764,True,0.8000000000000003,optimal,28.56064462661743,6993.3993341389305,9.434099136765864e-05,1692.6002201418996,19.485053412957075
SC00_baseline_pv2018,ofat,baseline,2018,2024,2024,0.81,81,0.0001,False,9951.61466048339,233.2708078805645,0.8100000000000009,optimal,9.080291748046877,9951.61466048339,0.0,7741.513857309732,110.20601535736463,11.628657211781814,3.2781931957125785,15.47978719117326,True,0.8099999999999999,optimal,29.779617309570312,7740.885180542858,8.12085050111581e-05,2210.1008031736583,22.208464440948365
SC00_baseline_pv2018,ofat,baseline,2018,2024,2024,0.82,82,0.0001,False,11297.809694480971,263.6579010265051,0.8200000000000003,optimal,8.928073167800903,11297.809694480977,0.0,8589.001520313719,124.0023967425178,12.92860918429114,3.1562373461644486,17.383253032279743,True,0.8199999999999998,optimal,33.714595556259155,8588.358654762875,7.484753021897971e-05,2708.808174167254,23.97640115579676
SC00_baseline_pv2018,ofat,baseline,2018,2024,2024,0.83,83,0.0001,False,12958.792078206208,300.6888281119939,0.8300000000000001,optimal,9.069858312606812,12958.79207820621,0.0,9583.6086185695,142.2951354896123,13.829857583116722,3.66,17.890581277712116,True,0.8299999999999998,optimal,35.59641766548157,9582.985001903307,6.507117423208872e-05,3375.18345963671,26.045509791865666
SC00_baseline_pv2018,ofat,baseline,2018,2024,2024,0.84,84,0.0001,False,15039.04605215157,346.3689077254777,0.84,optimal,8.9173104763031,15039.04605215157,0.0,10748.4255569836,163.55570231483736,14.333182770821145,4.091515871517078,20.212676530434816,True,0.84,optimal,29.547693490982056,10747.640311514948,7.305678999120459e-05,4290.62049516797,28.529871378072748
SC00_baseline_pv2018,ofat,baseline,2018,2024,2024,0.85,85,0.0001,False,17464.51984657778,399.0525731680981,0.8499999999999999,optimal,9.012333393096924,17464.519846577776,0.0,12086.668212766444,179.86626375246254,16.674910303652872,4.788682703684127,23.81070736797987,True,0.849999999988417,optimal,33.20390057563782,12086.124365174392,4.499565823081974e-05,5377.851633811335,30.79301166625053
SC00_baseline_pv2018,ofat,baseline,2018,2024,2024,0.86,86,0.0001,False,20332.181059042417,460.8968947918531,0.8599999999999998,optimal,9.43658709526062,20332.18105904241,0.0,13794.553515542611,228.0381219082805,14.437839438892183,3.5502136540119564,25.27777479184073,True,0.86,optimal,29.73434948921204,13793.217895658969,9.682226265194498e-05,6537.627543499804,32.15408875474428
SC00_baseline_pv2018,ofat,baseline,2018,2024,2024,0.87,87,0.0001,False,24403.42073772132,548.0932478316146,0.8699999999999997,optimal,8.525979280471802,24403.42073772132,0.0,15803.094093175205,236.1512497564947,13.74867364780925,3.391772460689865,59.56013979963345,True,0.8699999999999999,optimal,31.49135446548462,15801.76221551562,8.42795500507493e-05,8600.326644546112,35.242299581600264
SC00_baseline_pv2018,ofat,baseline,2018,2024,2024,0.88,88,0.0001,False,31971.060524579025,709.0534070209861,0.8799999999999994,optimal,9.03,31971.060524579032,0.0,17843.557791822182,236.58285540287176,13.752003826484255,3.383658050312864,98.14278221620842,True,0.8799999999999998,optimal,34.44504141807556,17842.103717382288,8.149016338908943e-05,14127.502732756842,44.188408207152726
SC00_baseline_pv2018,ofat,baseline,2018,2024,2024,0.89,89,0.0001,False,42456.87066496765,931.4306505826954,0.8899999999999992,optimal,8.20992398262024,42456.87066496765,0.0,19906.41188065057,240.0480898217673,13.675341963845716,3.32,134.54510749768875,True,0.8899999999999998,optimal,35.14067220687866,19904.49029817488,9.653083073005656e-05,22550.45878431708,53.11380332824221
SC00_baseline_pv2018,ofat,baseline,2018,2024,2024,0.9,90,0.0001,False,64633.50029457149,1400.8344471754608,0.8999999999999987,optimal,8.511796712875366,64633.50029457148,0.0,21990.56292657677,244.9463687252191,13.658823397121546,3.232988689844437,169.66439559519915,True,0.8999999999999992,optimal,29.862117052078247,21988.53174566753,9.236602610070787e-05,42642.93736799472,65.97652482636201
SC00_baseline_pv2018,ofat,baseline,2018,2024,2024,0.91,91,0.0001,False,104827.08448397576,2251.648550873774,0.9099999999999988,optimal,8.600783348083496,104827.08448397572,0.0,24093.59501626977,244.9463687252193,13.658823397121548,3.566773597148317,208.0280449988564,True,0.91,optimal,30.205600023269653,24091.499480604423,8.697480238743908e-05,80733.48946770598,77.01586843240612
SC00_baseline_pv2018,ofat,baseline,2018,2024,2024,0.92,92,0.0001,False,145284.7413287167,3108.078746972333,0.9199999999999988,optimal,8.096477508544922,145284.7413287167,0.0,26210.127656607045,242.8872889074284,13.803630817375003,3.828094649603092,247.8150438768897,True,0.9200000000000006,optimal,32.635576248168945,26207.535429058255,9.890175212988784e-05,119074.61367210964,81.95947666843772
SC00_baseline_pv2018,ofat,baseline,2018,2024,2024,0.93,93,0.0001,False,185880.5716267869,3967.4503050408334,0.9299999999999992,optimal,8.230588436126709,185880.57162678687,0.0,28338.894661275117,240.01610494523277,14.005550499675,3.995655600694581,288.2737865103938,True,0.9299999999999998,optimal,31.701173305511475,28336.09595821349,9.875837060958192e-05,157541.67696551178,84.75424601223291
SC00_baseline_pv2018,ofat,baseline,2018,2024,2024,0.94,94,0.0001,False,226672.80799850373,4831.167143403244,0.9399999999999992,optimal,8.164333581924438,226672.80799850373,0.0,30485.93808016081,232.64149070009583,14.571872729999995,4.4260346335668,331.1099530297001,True,0.9399999999999998,optimal,32.033849477767944,30482.93643501851,9.845998946828622e-05,196186.8699183429,86.55068583243471
SC00_baseline_pv2018,ofat,baseline,2018,2024,2024,0.95,95,0.0001,False,267743.4532974378,5700.741515266834,0.9499999999999992,optimal,8.562467098236084,267743.4532974378,0.0,32669.88026914672,230.5637741230273,14.936579165924996,4.5472891997444185,370.7470404912092,True,0.9499999999999998,optimal,40.73333716392517,32666.960071293404,8.938501853263036e-05,235073.57302829108,87.79806569804208
SC00_baseline_pv2018,ofat,baseline,2018,2024,2024,0.96,96,0.0001,False,309023.6930847026,6575.391746344306,0.9599999999999996,optimal,8.59206748008728,309023.69308470254,1.8835986436002123e-16,34971.66509339152,226.3038896437404,17.06585194125,5.182883637701143,409.6077330275296,True,0.96,optimal,40.36295938491821,34968.17032041839,9.993155784248935e-05,274052.02799131104,88.68317676735359
SC00_baseline_pv2018,ofat,baseline,2018,2024,2024,0.97,97,0.0001,False,350508.1534916246,7454.028118118695,0.97,optimal,8.134562492370605,350508.1534916246,0.0,37444.32138741251,219.8214485702933,19.921331088100008,6.289394718056382,450.91908826432615,True,0.97,optimal,38.20555853843689,37440.63411632055,9.847343883772112e-05,313063.8321042121,89.31713256470445
SC00_baseline_pv2018,ofat,baseline,2018,2024,2024,0.98,98,0.0001,False,392225.2008536581,8337.774671110687,0.98,optimal,8.253454446792603,392225.2008536581,0.0,40088.846600671655,248.0539282898304,20.7541021863,7.217797261790813,472.951382502117,True,0.98,optimal,44.605836391448975,40084.9119212848,9.81489795916175e-05,352136.3542529865,89.77912522871546
SC00_baseline_pv2018,ofat,baseline,2018,2024,2024,0.99,99,0.0001,False,434458.9088204763,9232.01915706842,0.9900000000000008,optimal,8.203183650970459,434458.9088204763,0.0,42931.67342445923,254.99758790645456,23.8924945678445,8.16,509.9589104069997,True,0.99,optimal,53.69755864143372,42928.21411729194,8.05770400120752e-05,391527.2353960171,90.11835813402573
SC00_baseline_pv2018,ofat,baseline,2018,2024,2024,1.0,100,0.0001,False,478926.643466726,10172.11685493821,1.0,optimal,6.5087199211120605,478926.643466726,0.0,46821.98119521473,267.4992853800076,26.829518815066542,17.394426198036463,540.297428187916,True,1.0,optimal,15.747759342193604,46817.38036448682,9.826219673895136e-05,432104.6622715112,90.2235589032399
